{"cameraMode":{"drawMode":0,"name":"Shaded","section":"Shading Mode"},"sceneLighting":true,"audioPlay":false,"sceneViewState":{"showFog":true,"showMaterialUpdate":false,"showSkybox":true,"showFlares":true,"showImageEffects":true,"showParticleSystems":true},"in2DMode":false,"pivot":{"x":-2.0269432067871095,"y":0.8793296813964844,"z":-1.6562576293945313},"rotation":{"x":-0.07904123514890671,"y":0.9043723940849304,"z":-0.19163499772548676,"w":-0.3730144500732422},"size":45.43111038208008,"orthographic":false}